{"cameraMode":{"drawMode":0,"name":"Shaded","section":"Shading Mode"},"sceneLighting":false,"audioPlay":false,"sceneViewState":{"m_AlwaysRefresh":false,"showFog":true,"showSkybox":false,"showFlares":true,"showImageEffects":true,"showParticleSystems":true,"showVisualEffectGraphs":true,"m_FxEnabled":true},"in2DMode":false,"pivot":{"x":0.5759543776512146,"y":-0.1258210390806198,"z":-0.05712589994072914},"rotation":{"x":0.07585837692022324,"y":-0.7422924637794495,"z":0.08516515791416168,"w":0.6601747274398804},"size":0.4994756877422333,"orthographic":false}